{
    "epoch": [
        1,
        2,
        3,
        4,
        5
    ],
    "test_loss": [
        4.950692535400391,
        5.0528897926330565,
        5.0887041160583495,
        5.225833326721191,
        5.471299276733398
    ],
    "test_acc": [
        23.34,
        27.01,
        27.95,
        30.96,
        26.82
    ]
}