{
    "epoch": [
        1,
        2,
        3,
        4,
        5
    ],
    "test_loss": [
        0.266951848590374,
        0.1812332622766495,
        0.1581645309239626,
        0.1230249041557312,
        0.10902600954324007
    ],
    "test_acc": [
        92.33,
        94.9,
        95.11,
        96.1,
        96.71
    ]
}