{
    "Task1": {
        "epoch": [
            1,
            2,
            3,
            4,
            5,
            6,
            7,
            8,
            9,
            10
        ],
        "test_loss": [
            0.11037386099547147,
            0.08216944922916591,
            0.0583836381431669,
            0.05757217843713006,
            0.05132093112039729,
            0.06891324666618166,
            0.05724220054327743,
            0.0756709437182044,
            0.09336143815446413,
            0.06438017936222895
        ],
        "test_acc": [
            96.61,
            97.27,
            98.23,
            98.15,
            98.34,
            98.09,
            98.36,
            98.04,
            97.74,
            98.36
        ]
    },
    "Task2": {
        "epoch": [
            1,
            2,
            3,
            4,
            5,
            6,
            7,
            8,
            9,
            10
        ],
        "test_loss": [
            0.08266965386196971,
            0.04972278701942414,
            0.054449861677305304,
            0.055882345437411274,
            0.04858119757831446,
            0.05571600078051415,
            0.05517876098654669,
            0.05523475620948318,
            0.059497805480309925,
            0.05950705273361266
        ],
        "test_acc": [
            97.36,
            98.43,
            98.4,
            98.3,
            98.61,
            98.52,
            98.64,
            98.65,
            98.78,
            98.75
        ]
    },
    "Task1_after_Task2": {
        "test_loss": 12.935355178833008,
        "test_acc": 43.65
    }
}